region_id	region	snps	evidence	note	coordinate_snps_found	coordinate_snps_missing	snps_with_h1_interactions	h1_interaction_count
luciferase_01	chr3:141920302-141922312	rs9869659 rs3835166 rs3765155	luciferase_active		rs9869659 rs3835166 rs3765155			0
luciferase_02	chr4:103346459-103348483	rs58611096	luciferase_active		rs58611096		rs58611096	1
luciferase_03	chr4:103438488-103440510	rs11946500 rs28615487	luciferase_active		rs11946500 rs28615487		rs11946500	1
luciferase_04	chr4:103450003-103452005	rs4699071	luciferase_active		rs4699071			0
luciferase_05	chr9:124593082-124594989	rs35685846	luciferase_active		rs35685846		rs35685846	36
luciferase_06	chr9:124620553-124622642	rs11366819	luciferase_active		rs11366819		rs11366819	3
luciferase_07	chr9:124659009-124661009	rs6478677	luciferase_active		rs6478677		rs6478677	8
luciferase_08	chr9:124695030-124697031	rs6478680 rs573194493	luciferase_active		rs6478680 rs573194493		rs573194493 rs6478680	4
luciferase_09	chr9:124697464-124699474	rs4838201	luciferase_active		rs4838201		rs4838201	9
luciferase_10	chr9:124733875-124735971	rs4836988	luciferase_active		rs4836988		rs4836988	18
luciferase_11	chr9:124769804-124771893	rs2184219	luciferase_active		rs2184219		rs2184219	23
luciferase_12	chr19:36330894-36332896	rs2972654 rs2967499 rs2967500 rs2918369 rs60261567 rs2972650	luciferase_active;kallmann_syndrome_tf	Transcription factor related to this SNP set is involved in Kallmann Syndrome	rs2972654 rs2967499 rs2967500 rs2918369 rs60261567 rs2972650		rs2967499 rs2972654	17
luciferase_13	chr19:36377852-36379868	rs62112634 rs73043854	luciferase_active		rs62112634 rs73043854		rs62112634 rs73043854	34
luciferase_14	chr19:36417767-36419761	rs58333554	luciferase_active		rs58333554		rs58333554	11
luciferase_15	chr22:41021294-41023351	rs926914 rs71327107 rs9611460	luciferase_active		rs926914 rs71327107 rs9611460		rs71327107 rs926914 rs9611460	122
luciferase_16	chr22:41090314-41092353	rs5995992	luciferase_active		rs5995992		rs5995992	14
luciferase_17	chr22:41169600-41171531	rs6002271 rs9611509	luciferase_active		rs6002271 rs9611509		rs6002271 rs9611509	4
paintor_01	chr7:21504068-21506112	rs2390539	luciferase_active;paintor	PAINTOR	rs2390539		rs2390539	13
paintor_02	chr19:36266994-36269194	rs4806292	luciferase_active;paintor	PAINTOR	rs4806292			0
paintor_03	chr22:41358265-41360455	rs5751084	luciferase_active;paintor	PAINTOR	rs5751084		rs5751084	4
