region_id	source_region	query_variant	associated_region	target_name	method	source_accession
luciferase_12	chr19:36330894-36332896	rs2967499	chr19:36319197-36320277	3	ENCODE:ENCFF753NSM:line_208639	ENCFF753NSM
luciferase_12	chr19:36330894-36332896	rs2967499	chr19:36323173-36324559	4	ENCODE:ENCFF324UIT:line_295677	ENCFF324UIT
luciferase_12	chr19:36330894-36332896	rs2967499	chr19:36323703-36324523	3	ENCODE:ENCFF753NSM:line_208641	ENCFF753NSM
luciferase_12	chr19:36330894-36332896	rs2967499	chr19:36345672-36346874	4	ENCODE:ENCFF753NSM:line_208645	ENCFF753NSM
luciferase_12	chr19:36330894-36332896	rs2967499	chr19:36350106-36351718	3	ENCODE:ENCFF753NSM:line_208647	ENCFF753NSM
luciferase_12	chr19:36330894-36332896	rs2967499	chr19:36355874-36356655	3	ENCODE:ENCFF753NSM:line_208649	ENCFF753NSM
luciferase_12	chr19:36330894-36332896	rs2967499	chr19:36378387-36379852	3	ENCODE:ENCFF753NSM:line_208655	ENCFF753NSM
luciferase_12	chr19:36330894-36332896	rs2967499	chr19:36488438-36490023	5	ENCODE:ENCFF324UIT:line_295690	ENCFF324UIT
luciferase_12	chr19:36330894-36332896	rs2972654	chr19:36319197-36320277	3	ENCODE:ENCFF753NSM:line_208639	ENCFF753NSM
luciferase_12	chr19:36330894-36332896	rs2972654	chr19:36323173-36324559	4	ENCODE:ENCFF324UIT:line_295677	ENCFF324UIT
luciferase_12	chr19:36330894-36332896	rs2972654	chr19:36323703-36324523	3	ENCODE:ENCFF753NSM:line_208641	ENCFF753NSM
luciferase_12	chr19:36330894-36332896	rs2972654	chr19:36345672-36346874	4	ENCODE:ENCFF753NSM:line_208645	ENCFF753NSM
luciferase_12	chr19:36330894-36332896	rs2972654	chr19:36347842-36348955	3	ENCODE:ENCFF753NSM:line_208646	ENCFF753NSM
luciferase_12	chr19:36330894-36332896	rs2972654	chr19:36350106-36351718	3	ENCODE:ENCFF753NSM:line_208647	ENCFF753NSM
luciferase_12	chr19:36330894-36332896	rs2972654	chr19:36355874-36356655	3	ENCODE:ENCFF753NSM:line_208649	ENCFF753NSM
luciferase_12	chr19:36330894-36332896	rs2972654	chr19:36378387-36379852	3	ENCODE:ENCFF753NSM:line_208655	ENCFF753NSM
luciferase_12	chr19:36330894-36332896	rs2972654	chr19:36488438-36490023	5	ENCODE:ENCFF324UIT:line_295690	ENCFF324UIT
luciferase_13	chr19:36377852-36379868	rs62112634	chr19:36169499-36170217	4	ENCODE:ENCFF401IWZ:line_770608	ENCFF401IWZ
luciferase_13	chr19:36377852-36379868	rs62112634	chr19:36326440-36328390	9	ENCODE:ENCFF753NSM:line_208652	ENCFF753NSM
luciferase_13	chr19:36377852-36379868	rs62112634	chr19:36328289-36328868	3	ENCODE:ENCFF324UIT:line_295681	ENCFF324UIT
luciferase_13	chr19:36377852-36379868	rs62112634	chr19:36331458-36332457	3	ENCODE:ENCFF753NSM:line_208655	ENCFF753NSM
luciferase_13	chr19:36377852-36379868	rs62112634	chr19:36363490-36368905	28	ENCODE:ENCFF753NSM:line_208674	ENCFF753NSM
luciferase_13	chr19:36377852-36379868	rs62112634	chr19:36388122-36389077	3	ENCODE:ENCFF753NSM:line_208679	ENCFF753NSM
luciferase_13	chr19:36377852-36379868	rs62112634	chr19:36389559-36390836	5	ENCODE:ENCFF753NSM:line_208678	ENCFF753NSM
luciferase_13	chr19:36377852-36379868	rs62112634	chr19:36392934-36395334	7	ENCODE:ENCFF753NSM:line_208677	ENCFF753NSM
luciferase_13	chr19:36377852-36379868	rs62112634	chr19:36396288-36397287	4	ENCODE:ENCFF753NSM:line_208676	ENCFF753NSM
luciferase_13	chr19:36377852-36379868	rs62112634	chr19:36410461-36411334	3	ENCODE:ENCFF324UIT:line_295724	ENCFF324UIT
luciferase_13	chr19:36377852-36379868	rs62112634	chr19:36414608-36416637	6	ENCODE:ENCFF753NSM:line_208682	ENCFF753NSM
luciferase_13	chr19:36377852-36379868	rs62112634	chr19:36417682-36418622	3	ENCODE:ENCFF519OAV:line_572275	ENCFF519OAV
luciferase_13	chr19:36377852-36379868	rs62112634	chr19:36488124-36490622	31	ENCODE:ENCFF753NSM:line_208686	ENCFF753NSM
luciferase_13	chr19:36377852-36379868	rs62112634	chr19:36492879-36493878	3	ENCODE:ENCFF753NSM:line_208687	ENCFF753NSM
luciferase_13	chr19:36377852-36379868	rs62112634	chr19:36527427-36529261	7	ENCODE:ENCFF324UIT:line_295728	ENCFF324UIT
luciferase_13	chr19:36377852-36379868	rs62112634	chr19:36528661-36529867	3	ENCODE:ENCFF753NSM:line_208689	ENCFF753NSM
luciferase_13	chr19:36377852-36379868	rs62112634	chr19:36849874-36851194	3	ENCODE:ENCFF401IWZ:line_770649	ENCFF401IWZ
luciferase_13	chr19:36377852-36379868	rs73043854	chr19:36169499-36170217	4	ENCODE:ENCFF401IWZ:line_770608	ENCFF401IWZ
luciferase_13	chr19:36377852-36379868	rs73043854	chr19:36326440-36328390	9	ENCODE:ENCFF753NSM:line_208652	ENCFF753NSM
luciferase_13	chr19:36377852-36379868	rs73043854	chr19:36328289-36328868	3	ENCODE:ENCFF324UIT:line_295681	ENCFF324UIT
luciferase_13	chr19:36377852-36379868	rs73043854	chr19:36331458-36332457	3	ENCODE:ENCFF753NSM:line_208655	ENCFF753NSM
luciferase_13	chr19:36377852-36379868	rs73043854	chr19:36363490-36368905	28	ENCODE:ENCFF753NSM:line_208674	ENCFF753NSM
luciferase_13	chr19:36377852-36379868	rs73043854	chr19:36388122-36389077	3	ENCODE:ENCFF753NSM:line_208679	ENCFF753NSM
luciferase_13	chr19:36377852-36379868	rs73043854	chr19:36389559-36390836	5	ENCODE:ENCFF753NSM:line_208678	ENCFF753NSM
luciferase_13	chr19:36377852-36379868	rs73043854	chr19:36392934-36395334	7	ENCODE:ENCFF753NSM:line_208677	ENCFF753NSM
luciferase_13	chr19:36377852-36379868	rs73043854	chr19:36396288-36397287	4	ENCODE:ENCFF753NSM:line_208676	ENCFF753NSM
luciferase_13	chr19:36377852-36379868	rs73043854	chr19:36410461-36411334	3	ENCODE:ENCFF324UIT:line_295724	ENCFF324UIT
luciferase_13	chr19:36377852-36379868	rs73043854	chr19:36414608-36416637	6	ENCODE:ENCFF753NSM:line_208682	ENCFF753NSM
luciferase_13	chr19:36377852-36379868	rs73043854	chr19:36417682-36418622	3	ENCODE:ENCFF519OAV:line_572275	ENCFF519OAV
luciferase_13	chr19:36377852-36379868	rs73043854	chr19:36488124-36490622	31	ENCODE:ENCFF753NSM:line_208686	ENCFF753NSM
luciferase_13	chr19:36377852-36379868	rs73043854	chr19:36492879-36493878	3	ENCODE:ENCFF753NSM:line_208687	ENCFF753NSM
luciferase_13	chr19:36377852-36379868	rs73043854	chr19:36527427-36529261	7	ENCODE:ENCFF324UIT:line_295728	ENCFF324UIT
luciferase_13	chr19:36377852-36379868	rs73043854	chr19:36528661-36529867	3	ENCODE:ENCFF753NSM:line_208689	ENCFF753NSM
luciferase_13	chr19:36377852-36379868	rs73043854	chr19:36849874-36851194	3	ENCODE:ENCFF401IWZ:line_770649	ENCFF401IWZ
luciferase_14	chr19:36417767-36419761	rs58333554	chr19:36214170-36214981	3	ENCODE:ENCFF753NSM:line_208620	ENCFF753NSM
luciferase_14	chr19:36417767-36419761	rs58333554	chr19:36330304-36331264	6	ENCODE:ENCFF753NSM:line_208656	ENCFF753NSM
luciferase_14	chr19:36417767-36419761	rs58333554	chr19:36390461-36392594	4	ENCODE:ENCFF753NSM:line_208692	ENCFF753NSM
luciferase_14	chr19:36417767-36419761	rs58333554	chr19:36427143-36429615	10	ENCODE:ENCFF753NSM:line_208704	ENCFF753NSM
luciferase_14	chr19:36417767-36419761	rs58333554	chr19:36430020-36430917	3	ENCODE:ENCFF401IWZ:line_770655	ENCFF401IWZ
luciferase_14	chr19:36417767-36419761	rs58333554	chr19:36450473-36451966	3	ENCODE:ENCFF753NSM:line_208707	ENCFF753NSM
luciferase_14	chr19:36417767-36419761	rs58333554	chr19:36470054-36471291	4	ENCODE:ENCFF753NSM:line_208712	ENCFF753NSM
luciferase_14	chr19:36417767-36419761	rs58333554	chr19:36487141-36490922	54	ENCODE:ENCFF753NSM:line_208711	ENCFF753NSM
luciferase_14	chr19:36417767-36419761	rs58333554	chr19:36487714-36489251	4	ENCODE:ENCFF401IWZ:line_770660	ENCFF401IWZ
luciferase_14	chr19:36417767-36419761	rs58333554	chr19:36493137-36494329	3	ENCODE:ENCFF401IWZ:line_770661	ENCFF401IWZ
luciferase_14	chr19:36417767-36419761	rs58333554	chr19:36565921-36566571	3	ENCODE:ENCFF324UIT:line_295758	ENCFF324UIT
luciferase_15	chr22:41021294-41023351	rs71327107	chr22:40534181-40534831	3	ENCODE:ENCFF753NSM:line_311453	ENCFF753NSM
luciferase_15	chr22:41021294-41023351	rs71327107	chr22:40711706-40712832	6	ENCODE:ENCFF753NSM:line_311544	ENCFF753NSM
luciferase_15	chr22:41021294-41023351	rs71327107	chr22:40922356-40923986	9	ENCODE:ENCFF753NSM:line_311662	ENCFF753NSM
luciferase_15	chr22:41021294-41023351	rs71327107	chr22:40947565-40949504	10	ENCODE:ENCFF753NSM:line_311708	ENCFF753NSM
luciferase_15	chr22:41021294-41023351	rs71327107	chr22:40950636-40952911	24	ENCODE:ENCFF753NSM:line_311709	ENCFF753NSM
luciferase_15	chr22:41021294-41023351	rs71327107	chr22:40951475-40952197	5	ENCODE:ENCFF324UIT:line_431744	ENCFF324UIT
luciferase_15	chr22:41021294-41023351	rs71327107	chr22:40952205-40952901	3	ENCODE:ENCFF324UIT:line_431745	ENCFF324UIT
luciferase_15	chr22:41021294-41023351	rs71327107	chr22:40962709-40963724	3	ENCODE:ENCFF753NSM:line_311710	ENCFF753NSM
luciferase_15	chr22:41021294-41023351	rs71327107	chr22:40964226-40966043	6	ENCODE:ENCFF753NSM:line_311711	ENCFF753NSM
luciferase_15	chr22:41021294-41023351	rs71327107	chr22:40966516-40967906	5	ENCODE:ENCFF753NSM:line_311712	ENCFF753NSM
luciferase_15	chr22:41021294-41023351	rs71327107	chr22:40971220-40974211	9	ENCODE:ENCFF753NSM:line_311713	ENCFF753NSM
luciferase_15	chr22:41021294-41023351	rs71327107	chr22:40975149-40976771	8	ENCODE:ENCFF753NSM:line_311714	ENCFF753NSM
luciferase_15	chr22:41021294-41023351	rs71327107	chr22:40982052-40983885	6	ENCODE:ENCFF753NSM:line_311716	ENCFF753NSM
luciferase_15	chr22:41021294-41023351	rs71327107	chr22:40988029-40989311	4	ENCODE:ENCFF753NSM:line_311717	ENCFF753NSM
luciferase_15	chr22:41021294-41023351	rs71327107	chr22:40989461-40991401	12	ENCODE:ENCFF753NSM:line_311718	ENCFF753NSM
luciferase_15	chr22:41021294-41023351	rs71327107	chr22:40991665-40994316	9	ENCODE:ENCFF753NSM:line_311719	ENCFF753NSM
luciferase_15	chr22:41021294-41023351	rs71327107	chr22:40996665-40997802	3	ENCODE:ENCFF753NSM:line_311720	ENCFF753NSM
luciferase_15	chr22:41021294-41023351	rs71327107	chr22:41001979-41004000	7	ENCODE:ENCFF753NSM:line_311721	ENCFF753NSM
luciferase_15	chr22:41021294-41023351	rs71327107	chr22:41005471-41007698	17	ENCODE:ENCFF753NSM:line_311723	ENCFF753NSM
luciferase_15	chr22:41021294-41023351	rs71327107	chr22:41008026-41015268	47	ENCODE:ENCFF753NSM:line_311724	ENCFF753NSM
luciferase_15	chr22:41021294-41023351	rs71327107	chr22:41010537-41011297	4	ENCODE:ENCFF324UIT:line_431807	ENCFF324UIT
luciferase_15	chr22:41021294-41023351	rs71327107	chr22:41031772-41036258	25	ENCODE:ENCFF753NSM:line_311772	ENCFF753NSM
luciferase_15	chr22:41021294-41023351	rs71327107	chr22:41034207-41034936	16	ENCODE:ENCFF324UIT:line_431811	ENCFF324UIT
luciferase_15	chr22:41021294-41023351	rs71327107	chr22:41037017-41038321	7	ENCODE:ENCFF753NSM:line_311776	ENCFF753NSM
luciferase_15	chr22:41021294-41023351	rs71327107	chr22:41044076-41046756	11	ENCODE:ENCFF753NSM:line_311775	ENCFF753NSM
luciferase_15	chr22:41021294-41023351	rs71327107	chr22:41048401-41050525	14	ENCODE:ENCFF753NSM:line_311773	ENCFF753NSM
luciferase_15	chr22:41021294-41023351	rs71327107	chr22:41051543-41056420	27	ENCODE:ENCFF753NSM:line_311779	ENCFF753NSM
luciferase_15	chr22:41021294-41023351	rs71327107	chr22:41057485-41058811	4	ENCODE:ENCFF324UIT:line_431819	ENCFF324UIT
luciferase_15	chr22:41021294-41023351	rs71327107	chr22:41059402-41061029	5	ENCODE:ENCFF753NSM:line_311780	ENCFF753NSM
luciferase_15	chr22:41021294-41023351	rs71327107	chr22:41067830-41068791	3	ENCODE:ENCFF753NSM:line_311783	ENCFF753NSM
luciferase_15	chr22:41021294-41023351	rs71327107	chr22:41089358-41095862	59	ENCODE:ENCFF753NSM:line_311784	ENCFF753NSM
luciferase_15	chr22:41021294-41023351	rs71327107	chr22:41089807-41093043	21	ENCODE:ENCFF324UIT:line_431823	ENCFF324UIT
luciferase_15	chr22:41021294-41023351	rs71327107	chr22:41102587-41103824	3	ENCODE:ENCFF753NSM:line_311786	ENCFF753NSM
luciferase_15	chr22:41021294-41023351	rs71327107	chr22:41104699-41105343	3	ENCODE:ENCFF753NSM:line_311785	ENCFF753NSM
luciferase_15	chr22:41021294-41023351	rs71327107	chr22:41106128-41107001	3	ENCODE:ENCFF753NSM:line_311787	ENCFF753NSM
luciferase_15	chr22:41021294-41023351	rs71327107	chr22:41118932-41120017	4	ENCODE:ENCFF753NSM:line_311793	ENCFF753NSM
luciferase_15	chr22:41021294-41023351	rs71327107	chr22:41226612-41227145	4	ENCODE:ENCFF324UIT:line_431827	ENCFF324UIT
luciferase_15	chr22:41021294-41023351	rs71327107	chr22:41231408-41232533	3	ENCODE:ENCFF324UIT:line_431828	ENCFF324UIT
luciferase_15	chr22:41021294-41023351	rs71327107	chr22:41236870-41239348	13	ENCODE:ENCFF753NSM:line_311795	ENCFF753NSM
luciferase_15	chr22:41021294-41023351	rs71327107	chr22:41255158-41257216	4	ENCODE:ENCFF753NSM:line_311797	ENCFF753NSM
luciferase_15	chr22:41021294-41023351	rs71327107	chr22:41285740-41287274	4	ENCODE:ENCFF753NSM:line_311796	ENCFF753NSM
luciferase_15	chr22:41021294-41023351	rs71327107	chr22:50732226-50732772	5	ENCODE:ENCFF324UIT:line_431833	ENCFF324UIT
luciferase_15	chr22:41021294-41023351	rs926914	chr22:40534181-40534831	3	ENCODE:ENCFF753NSM:line_311453	ENCFF753NSM
luciferase_15	chr22:41021294-41023351	rs926914	chr22:40711706-40712832	6	ENCODE:ENCFF753NSM:line_311544	ENCFF753NSM
luciferase_15	chr22:41021294-41023351	rs926914	chr22:40922356-40923986	9	ENCODE:ENCFF753NSM:line_311662	ENCFF753NSM
luciferase_15	chr22:41021294-41023351	rs926914	chr22:40947565-40949504	10	ENCODE:ENCFF753NSM:line_311708	ENCFF753NSM
luciferase_15	chr22:41021294-41023351	rs926914	chr22:40950636-40952911	24	ENCODE:ENCFF753NSM:line_311709	ENCFF753NSM
luciferase_15	chr22:41021294-41023351	rs926914	chr22:40951475-40952197	5	ENCODE:ENCFF324UIT:line_431744	ENCFF324UIT
luciferase_15	chr22:41021294-41023351	rs926914	chr22:40952205-40952901	3	ENCODE:ENCFF324UIT:line_431745	ENCFF324UIT
luciferase_15	chr22:41021294-41023351	rs926914	chr22:40962709-40963724	3	ENCODE:ENCFF753NSM:line_311710	ENCFF753NSM
luciferase_15	chr22:41021294-41023351	rs926914	chr22:40964226-40966043	6	ENCODE:ENCFF753NSM:line_311711	ENCFF753NSM
luciferase_15	chr22:41021294-41023351	rs926914	chr22:40966516-40967906	5	ENCODE:ENCFF753NSM:line_311712	ENCFF753NSM
luciferase_15	chr22:41021294-41023351	rs926914	chr22:40971220-40974211	9	ENCODE:ENCFF753NSM:line_311713	ENCFF753NSM
luciferase_15	chr22:41021294-41023351	rs926914	chr22:40975149-40976771	8	ENCODE:ENCFF753NSM:line_311714	ENCFF753NSM
luciferase_15	chr22:41021294-41023351	rs926914	chr22:40979401-40981286	4	ENCODE:ENCFF753NSM:line_311715	ENCFF753NSM
luciferase_15	chr22:41021294-41023351	rs926914	chr22:40982052-40983885	6	ENCODE:ENCFF753NSM:line_311716	ENCFF753NSM
luciferase_15	chr22:41021294-41023351	rs926914	chr22:40988029-40989311	4	ENCODE:ENCFF753NSM:line_311717	ENCFF753NSM
luciferase_15	chr22:41021294-41023351	rs926914	chr22:40989461-40991401	12	ENCODE:ENCFF753NSM:line_311718	ENCFF753NSM
luciferase_15	chr22:41021294-41023351	rs926914	chr22:40991665-40994316	9	ENCODE:ENCFF753NSM:line_311719	ENCFF753NSM
luciferase_15	chr22:41021294-41023351	rs926914	chr22:40996665-40997802	3	ENCODE:ENCFF753NSM:line_311720	ENCFF753NSM
luciferase_15	chr22:41021294-41023351	rs926914	chr22:41001979-41004000	7	ENCODE:ENCFF753NSM:line_311721	ENCFF753NSM
luciferase_15	chr22:41021294-41023351	rs926914	chr22:41005471-41007698	17	ENCODE:ENCFF753NSM:line_311723	ENCFF753NSM
luciferase_15	chr22:41021294-41023351	rs926914	chr22:41008026-41015268	47	ENCODE:ENCFF753NSM:line_311724	ENCFF753NSM
luciferase_15	chr22:41021294-41023351	rs926914	chr22:41010537-41011297	4	ENCODE:ENCFF324UIT:line_431807	ENCFF324UIT
luciferase_15	chr22:41021294-41023351	rs926914	chr22:41031772-41036258	25	ENCODE:ENCFF753NSM:line_311772	ENCFF753NSM
luciferase_15	chr22:41021294-41023351	rs926914	chr22:41037017-41038321	7	ENCODE:ENCFF753NSM:line_311776	ENCFF753NSM
luciferase_15	chr22:41021294-41023351	rs926914	chr22:41044076-41046756	11	ENCODE:ENCFF753NSM:line_311775	ENCFF753NSM
luciferase_15	chr22:41021294-41023351	rs926914	chr22:41048401-41050525	14	ENCODE:ENCFF753NSM:line_311773	ENCFF753NSM
luciferase_15	chr22:41021294-41023351	rs926914	chr22:41051543-41056420	27	ENCODE:ENCFF753NSM:line_311779	ENCFF753NSM
luciferase_15	chr22:41021294-41023351	rs926914	chr22:41057485-41058811	4	ENCODE:ENCFF324UIT:line_431819	ENCFF324UIT
luciferase_15	chr22:41021294-41023351	rs926914	chr22:41059402-41061029	5	ENCODE:ENCFF753NSM:line_311780	ENCFF753NSM
luciferase_15	chr22:41021294-41023351	rs926914	chr22:41067830-41068791	3	ENCODE:ENCFF753NSM:line_311783	ENCFF753NSM
luciferase_15	chr22:41021294-41023351	rs926914	chr22:41089358-41095862	59	ENCODE:ENCFF753NSM:line_311784	ENCFF753NSM
luciferase_15	chr22:41021294-41023351	rs926914	chr22:41089807-41093043	21	ENCODE:ENCFF324UIT:line_431823	ENCFF324UIT
luciferase_15	chr22:41021294-41023351	rs926914	chr22:41102587-41103824	3	ENCODE:ENCFF753NSM:line_311786	ENCFF753NSM
luciferase_15	chr22:41021294-41023351	rs926914	chr22:41104699-41105343	3	ENCODE:ENCFF753NSM:line_311785	ENCFF753NSM
luciferase_15	chr22:41021294-41023351	rs926914	chr22:41106128-41107001	3	ENCODE:ENCFF753NSM:line_311787	ENCFF753NSM
luciferase_15	chr22:41021294-41023351	rs926914	chr22:41118932-41120017	4	ENCODE:ENCFF753NSM:line_311793	ENCFF753NSM
luciferase_15	chr22:41021294-41023351	rs926914	chr22:41226612-41227145	4	ENCODE:ENCFF324UIT:line_431827	ENCFF324UIT
luciferase_15	chr22:41021294-41023351	rs926914	chr22:41231408-41232533	3	ENCODE:ENCFF324UIT:line_431828	ENCFF324UIT
luciferase_15	chr22:41021294-41023351	rs926914	chr22:41236870-41239348	13	ENCODE:ENCFF753NSM:line_311795	ENCFF753NSM
luciferase_15	chr22:41021294-41023351	rs926914	chr22:41255158-41257216	4	ENCODE:ENCFF753NSM:line_311797	ENCFF753NSM
luciferase_15	chr22:41021294-41023351	rs926914	chr22:41285740-41287274	4	ENCODE:ENCFF753NSM:line_311796	ENCFF753NSM
luciferase_15	chr22:41021294-41023351	rs9611460	chr22:40711706-40712832	6	ENCODE:ENCFF753NSM:line_311544	ENCFF753NSM
luciferase_15	chr22:41021294-41023351	rs9611460	chr22:40922356-40923986	9	ENCODE:ENCFF753NSM:line_311662	ENCFF753NSM
luciferase_15	chr22:41021294-41023351	rs9611460	chr22:40947565-40949504	10	ENCODE:ENCFF753NSM:line_311708	ENCFF753NSM
luciferase_15	chr22:41021294-41023351	rs9611460	chr22:40950636-40952911	24	ENCODE:ENCFF753NSM:line_311709	ENCFF753NSM
luciferase_15	chr22:41021294-41023351	rs9611460	chr22:40951475-40952197	5	ENCODE:ENCFF324UIT:line_431744	ENCFF324UIT
luciferase_15	chr22:41021294-41023351	rs9611460	chr22:40952205-40952901	3	ENCODE:ENCFF324UIT:line_431745	ENCFF324UIT
luciferase_15	chr22:41021294-41023351	rs9611460	chr22:40964226-40966043	6	ENCODE:ENCFF753NSM:line_311711	ENCFF753NSM
luciferase_15	chr22:41021294-41023351	rs9611460	chr22:40966516-40967906	5	ENCODE:ENCFF753NSM:line_311712	ENCFF753NSM
luciferase_15	chr22:41021294-41023351	rs9611460	chr22:40971220-40974211	9	ENCODE:ENCFF753NSM:line_311713	ENCFF753NSM
luciferase_15	chr22:41021294-41023351	rs9611460	chr22:40975149-40976771	8	ENCODE:ENCFF753NSM:line_311714	ENCFF753NSM
luciferase_15	chr22:41021294-41023351	rs9611460	chr22:40982052-40983885	6	ENCODE:ENCFF753NSM:line_311716	ENCFF753NSM
luciferase_15	chr22:41021294-41023351	rs9611460	chr22:40989461-40991401	12	ENCODE:ENCFF753NSM:line_311718	ENCFF753NSM
luciferase_15	chr22:41021294-41023351	rs9611460	chr22:40991665-40994316	9	ENCODE:ENCFF753NSM:line_311719	ENCFF753NSM
luciferase_15	chr22:41021294-41023351	rs9611460	chr22:40996665-40997802	3	ENCODE:ENCFF753NSM:line_311720	ENCFF753NSM
luciferase_15	chr22:41021294-41023351	rs9611460	chr22:41001979-41004000	7	ENCODE:ENCFF753NSM:line_311721	ENCFF753NSM
luciferase_15	chr22:41021294-41023351	rs9611460	chr22:41005471-41007698	17	ENCODE:ENCFF753NSM:line_311723	ENCFF753NSM
luciferase_15	chr22:41021294-41023351	rs9611460	chr22:41008026-41015268	47	ENCODE:ENCFF753NSM:line_311724	ENCFF753NSM
luciferase_15	chr22:41021294-41023351	rs9611460	chr22:41010537-41011297	4	ENCODE:ENCFF324UIT:line_431807	ENCFF324UIT
luciferase_15	chr22:41021294-41023351	rs9611460	chr22:41031772-41036258	25	ENCODE:ENCFF753NSM:line_311772	ENCFF753NSM
luciferase_15	chr22:41021294-41023351	rs9611460	chr22:41034207-41034936	16	ENCODE:ENCFF324UIT:line_431811	ENCFF324UIT
luciferase_15	chr22:41021294-41023351	rs9611460	chr22:41037017-41038321	7	ENCODE:ENCFF753NSM:line_311776	ENCFF753NSM
luciferase_15	chr22:41021294-41023351	rs9611460	chr22:41044076-41046756	11	ENCODE:ENCFF753NSM:line_311775	ENCFF753NSM
luciferase_15	chr22:41021294-41023351	rs9611460	chr22:41048401-41050525	14	ENCODE:ENCFF753NSM:line_311773	ENCFF753NSM
luciferase_15	chr22:41021294-41023351	rs9611460	chr22:41051543-41056420	27	ENCODE:ENCFF753NSM:line_311779	ENCFF753NSM
luciferase_15	chr22:41021294-41023351	rs9611460	chr22:41057485-41058811	4	ENCODE:ENCFF324UIT:line_431819	ENCFF324UIT
luciferase_15	chr22:41021294-41023351	rs9611460	chr22:41059402-41061029	5	ENCODE:ENCFF753NSM:line_311780	ENCFF753NSM
luciferase_15	chr22:41021294-41023351	rs9611460	chr22:41067830-41068791	3	ENCODE:ENCFF753NSM:line_311783	ENCFF753NSM
luciferase_15	chr22:41021294-41023351	rs9611460	chr22:41087573-41088387	6	ENCODE:ENCFF753NSM:line_311788	ENCFF753NSM
luciferase_15	chr22:41021294-41023351	rs9611460	chr22:41089358-41095862	59	ENCODE:ENCFF753NSM:line_311784	ENCFF753NSM
luciferase_15	chr22:41021294-41023351	rs9611460	chr22:41089807-41093043	21	ENCODE:ENCFF324UIT:line_431823	ENCFF324UIT
luciferase_15	chr22:41021294-41023351	rs9611460	chr22:41102587-41103824	3	ENCODE:ENCFF753NSM:line_311786	ENCFF753NSM
luciferase_15	chr22:41021294-41023351	rs9611460	chr22:41104699-41105343	3	ENCODE:ENCFF753NSM:line_311785	ENCFF753NSM
luciferase_15	chr22:41021294-41023351	rs9611460	chr22:41106128-41107001	3	ENCODE:ENCFF753NSM:line_311787	ENCFF753NSM
luciferase_15	chr22:41021294-41023351	rs9611460	chr22:41118932-41120017	4	ENCODE:ENCFF753NSM:line_311793	ENCFF753NSM
luciferase_15	chr22:41021294-41023351	rs9611460	chr22:41226612-41227145	4	ENCODE:ENCFF324UIT:line_431827	ENCFF324UIT
luciferase_15	chr22:41021294-41023351	rs9611460	chr22:41236870-41239348	13	ENCODE:ENCFF753NSM:line_311795	ENCFF753NSM
luciferase_15	chr22:41021294-41023351	rs9611460	chr22:41255158-41257216	4	ENCODE:ENCFF753NSM:line_311797	ENCFF753NSM
luciferase_15	chr22:41021294-41023351	rs9611460	chr22:41285740-41287274	4	ENCODE:ENCFF753NSM:line_311796	ENCFF753NSM
luciferase_15	chr22:41021294-41023351	rs9611460	chr22:50732226-50732772	5	ENCODE:ENCFF324UIT:line_431833	ENCFF324UIT
luciferase_16	chr22:41090314-41092353	rs5995992	chr22:40950723-40953161	44	ENCODE:ENCFF753NSM:line_311734	ENCFF753NSM
luciferase_16	chr22:41090314-41092353	rs5995992	chr22:40950861-40951806	4	ENCODE:ENCFF324UIT:line_431750	ENCFF324UIT
luciferase_16	chr22:41090314-41092353	rs5995992	chr22:40954450-40955321	4	ENCODE:ENCFF753NSM:line_311739	ENCFF753NSM
luciferase_16	chr22:41090314-41092353	rs5995992	chr22:40959697-40961075	6	ENCODE:ENCFF753NSM:line_311741	ENCFF753NSM
luciferase_16	chr22:41090314-41092353	rs5995992	chr22:41003355-41003987	3	ENCODE:ENCFF324UIT:line_431805	ENCFF324UIT
luciferase_16	chr22:41090314-41092353	rs5995992	chr22:41020945-41024895	59	ENCODE:ENCFF753NSM:line_311784	ENCFF753NSM
luciferase_16	chr22:41090314-41092353	rs5995992	chr22:41021662-41024253	21	ENCODE:ENCFF324UIT:line_431823	ENCFF324UIT
luciferase_16	chr22:41090314-41092353	rs5995992	chr22:41053213-41053799	5	ENCODE:ENCFF324UIT:line_431855	ENCFF324UIT
luciferase_16	chr22:41090314-41092353	rs5995992	chr22:41060222-41061083	4	ENCODE:ENCFF753NSM:line_311814	ENCFF753NSM
luciferase_16	chr22:41090314-41092353	rs5995992	chr22:41074144-41074777	3	ENCODE:ENCFF324UIT:line_431862	ENCFF324UIT
luciferase_16	chr22:41090314-41092353	rs5995992	chr22:41109055-41109879	4	ENCODE:ENCFF324UIT:line_431874	ENCFF324UIT
luciferase_16	chr22:41090314-41092353	rs5995992	chr22:41142965-41143616	6	ENCODE:ENCFF324UIT:line_431883	ENCFF324UIT
luciferase_16	chr22:41090314-41092353	rs5995992	chr22:41186233-41186845	3	ENCODE:ENCFF324UIT:line_431884	ENCFF324UIT
luciferase_16	chr22:41090314-41092353	rs5995992	chr22:41237343-41238442	3	ENCODE:ENCFF753NSM:line_311846	ENCFF753NSM
luciferase_17	chr22:41169600-41171531	rs6002271	chr22:41247437-41248334	3	ENCODE:ENCFF519OAV:line_824154	ENCFF519OAV
luciferase_17	chr22:41169600-41171531	rs9611509	chr22:41157864-41158759	3	ENCODE:ENCFF753NSM:line_311874	ENCFF753NSM
luciferase_17	chr22:41169600-41171531	rs9611509	chr22:41180448-41182404	10	ENCODE:ENCFF753NSM:line_311878	ENCFF753NSM
luciferase_17	chr22:41169600-41171531	rs9611509	chr22:41236876-41237944	3	ENCODE:ENCFF401IWZ:line_1109229	ENCFF401IWZ
paintor_03	chr22:41358265-41360455	rs5751084	chr22:41301018-41304624	19	ENCODE:ENCFF753NSM:line_312074	ENCFF753NSM
paintor_03	chr22:41358265-41360455	rs5751084	chr22:41309226-41310157	3	ENCODE:ENCFF401IWZ:line_1109338	ENCFF401IWZ
paintor_03	chr22:41358265-41360455	rs5751084	chr22:41343235-41344879	4	ENCODE:ENCFF753NSM:line_312133	ENCFF753NSM
paintor_03	chr22:41358265-41360455	rs5751084	chr22:41444908-41448539	26	ENCODE:ENCFF753NSM:line_312222	ENCFF753NSM
luciferase_02	chr4:103346459-103348483	rs58611096	chr4:74916049-74916652	3	ENCODE:ENCFF401IWZ:line_1476226	ENCFF401IWZ
luciferase_03	chr4:103438488-103440510	rs11946500	chr4:103427653-103429264	5	ENCODE:ENCFF401IWZ:line_1492398	ENCFF401IWZ
paintor_01	chr7:21504068-21506112	rs2390539	chr7:20650988-20652757	5	ENCODE:ENCFF401IWZ:line_1798246	ENCFF401IWZ
paintor_01	chr7:21504068-21506112	rs2390539	chr7:21254208-21254797	3	ENCODE:ENCFF519OAV:line_1329454	ENCFF519OAV
paintor_01	chr7:21504068-21506112	rs2390539	chr7:21256041-21257312	5	ENCODE:ENCFF519OAV:line_1329456	ENCFF519OAV
paintor_01	chr7:21504068-21506112	rs2390539	chr7:21261546-21262672	6	ENCODE:ENCFF401IWZ:line_1798674	ENCFF401IWZ
paintor_01	chr7:21504068-21506112	rs2390539	chr7:21261915-21263252	4	ENCODE:ENCFF519OAV:line_1329458	ENCFF519OAV
paintor_01	chr7:21504068-21506112	rs2390539	chr7:21264217-21264935	3	ENCODE:ENCFF401IWZ:line_1798677	ENCFF401IWZ
paintor_01	chr7:21504068-21506112	rs2390539	chr7:21267316-21270454	7	ENCODE:ENCFF401IWZ:line_1798679	ENCFF401IWZ
paintor_01	chr7:21504068-21506112	rs2390539	chr7:21300259-21301466	4	ENCODE:ENCFF401IWZ:line_1798740	ENCFF401IWZ
paintor_01	chr7:21504068-21506112	rs2390539	chr7:21434890-21436579	3	ENCODE:ENCFF401IWZ:line_1798792	ENCFF401IWZ
paintor_01	chr7:21504068-21506112	rs2390539	chr7:21493959-21495271	3	ENCODE:ENCFF519OAV:line_1329567	ENCFF519OAV
paintor_01	chr7:21504068-21506112	rs2390539	chr7:21536305-21537780	3	ENCODE:ENCFF401IWZ:line_1798826	ENCFF401IWZ
paintor_01	chr7:21504068-21506112	rs2390539	chr7:21766817-21768671	6	ENCODE:ENCFF519OAV:line_1329574	ENCFF519OAV
paintor_01	chr7:21504068-21506112	rs2390539	chr7:24900494-24901144	3	ENCODE:ENCFF519OAV:line_1329577	ENCFF519OAV
luciferase_05	chr9:124593082-124594989	rs35685846	chr9:81374488-81375057	4	ENCODE:ENCFF324UIT:line_757752	ENCFF324UIT
luciferase_05	chr9:124593082-124594989	rs35685846	chr9:124504940-124506390	3	ENCODE:ENCFF753NSM:line_515517	ENCFF753NSM
luciferase_05	chr9:124593082-124594989	rs35685846	chr9:124532565-124533852	3	ENCODE:ENCFF519OAV:line_1522432	ENCFF519OAV
luciferase_05	chr9:124593082-124594989	rs35685846	chr9:124534208-124538582	30	ENCODE:ENCFF401IWZ:line_2060263	ENCFF401IWZ
luciferase_05	chr9:124593082-124594989	rs35685846	chr9:124544164-124544729	3	ENCODE:ENCFF324UIT:line_769418	ENCFF324UIT
luciferase_05	chr9:124593082-124594989	rs35685846	chr9:124551081-124552508	3	ENCODE:ENCFF753NSM:line_515539	ENCFF753NSM
luciferase_05	chr9:124593082-124594989	rs35685846	chr9:124551162-124553099	12	ENCODE:ENCFF519OAV:line_1522443	ENCFF519OAV
luciferase_05	chr9:124593082-124594989	rs35685846	chr9:124551195-124553051	10	ENCODE:ENCFF401IWZ:line_2060282	ENCFF401IWZ
luciferase_05	chr9:124593082-124594989	rs35685846	chr9:124562384-124563201	5	ENCODE:ENCFF401IWZ:line_2060297	ENCFF401IWZ
luciferase_05	chr9:124593082-124594989	rs35685846	chr9:124563667-124564866	4	ENCODE:ENCFF753NSM:line_515540	ENCFF753NSM
luciferase_05	chr9:124593082-124594989	rs35685846	chr9:124566669-124568620	7	ENCODE:ENCFF753NSM:line_515541	ENCFF753NSM
luciferase_05	chr9:124593082-124594989	rs35685846	chr9:124569650-124570526	3	ENCODE:ENCFF753NSM:line_515549	ENCFF753NSM
luciferase_05	chr9:124593082-124594989	rs35685846	chr9:124571658-124573705	4	ENCODE:ENCFF753NSM:line_515550	ENCFF753NSM
luciferase_05	chr9:124593082-124594989	rs35685846	chr9:124572293-124573883	3	ENCODE:ENCFF401IWZ:line_2060305	ENCFF401IWZ
luciferase_05	chr9:124593082-124594989	rs35685846	chr9:124574788-124576689	8	ENCODE:ENCFF753NSM:line_515553	ENCFF753NSM
luciferase_05	chr9:124593082-124594989	rs35685846	chr9:124577036-124578378	4	ENCODE:ENCFF401IWZ:line_2060311	ENCFF401IWZ
luciferase_05	chr9:124593082-124594989	rs35685846	chr9:124578838-124579937	3	ENCODE:ENCFF401IWZ:line_2060312	ENCFF401IWZ
luciferase_05	chr9:124593082-124594989	rs35685846	chr9:124585010-124585816	3	ENCODE:ENCFF753NSM:line_515558	ENCFF753NSM
luciferase_05	chr9:124593082-124594989	rs35685846	chr9:124601510-124602925	4	ENCODE:ENCFF753NSM:line_515560	ENCFF753NSM
luciferase_05	chr9:124593082-124594989	rs35685846	chr9:124603483-124604484	3	ENCODE:ENCFF753NSM:line_515561	ENCFF753NSM
luciferase_05	chr9:124593082-124594989	rs35685846	chr9:124603899-124605271	5	ENCODE:ENCFF324UIT:line_769442	ENCFF324UIT
luciferase_05	chr9:124593082-124594989	rs35685846	chr9:124605420-124609404	19	ENCODE:ENCFF401IWZ:line_2060425	ENCFF401IWZ
luciferase_05	chr9:124593082-124594989	rs35685846	chr9:124611136-124620447	88	ENCODE:ENCFF401IWZ:line_2060424	ENCFF401IWZ
luciferase_05	chr9:124593082-124594989	rs35685846	chr9:124611416-124612304	4	ENCODE:ENCFF753NSM:line_515563	ENCFF753NSM
luciferase_05	chr9:124593082-124594989	rs35685846	chr9:124615269-124616455	5	ENCODE:ENCFF519OAV:line_1522555	ENCFF519OAV
luciferase_05	chr9:124593082-124594989	rs35685846	chr9:124617106-124619171	5	ENCODE:ENCFF753NSM:line_515564	ENCFF753NSM
luciferase_05	chr9:124593082-124594989	rs35685846	chr9:124620822-124622613	4	ENCODE:ENCFF401IWZ:line_2060434	ENCFF401IWZ
luciferase_05	chr9:124593082-124594989	rs35685846	chr9:124635061-124636314	4	ENCODE:ENCFF753NSM:line_515569	ENCFF753NSM
luciferase_05	chr9:124593082-124594989	rs35685846	chr9:124658123-124659871	5	ENCODE:ENCFF753NSM:line_515572	ENCFF753NSM
luciferase_05	chr9:124593082-124594989	rs35685846	chr9:124661164-124661774	3	ENCODE:ENCFF519OAV:line_1522582	ENCFF519OAV
luciferase_05	chr9:124593082-124594989	rs35685846	chr9:124711542-124712567	3	ENCODE:ENCFF753NSM:line_515577	ENCFF753NSM
luciferase_05	chr9:124593082-124594989	rs35685846	chr9:124713217-124714216	3	ENCODE:ENCFF401IWZ:line_2060475	ENCFF401IWZ
luciferase_05	chr9:124593082-124594989	rs35685846	chr9:124768558-124770958	11	ENCODE:ENCFF753NSM:line_515586	ENCFF753NSM
luciferase_05	chr9:124593082-124594989	rs35685846	chr9:124771428-124772427	3	ENCODE:ENCFF401IWZ:line_2060502	ENCFF401IWZ
luciferase_05	chr9:124593082-124594989	rs35685846	chr9:124772743-124773691	4	ENCODE:ENCFF753NSM:line_515585	ENCFF753NSM
luciferase_05	chr9:124593082-124594989	rs35685846	chr9:124840930-124841886	3	ENCODE:ENCFF519OAV:line_1522636	ENCFF519OAV
luciferase_06	chr9:124620553-124622642	rs11366819	chr9:124593903-124595329	4	ENCODE:ENCFF401IWZ:line_2060434	ENCFF401IWZ
luciferase_06	chr9:124620553-124622642	rs11366819	chr9:124710261-124714766	38	ENCODE:ENCFF519OAV:line_1522666	ENCFF519OAV
luciferase_06	chr9:124620553-124622642	rs11366819	chr9:124711491-124712903	6	ENCODE:ENCFF401IWZ:line_2060562	ENCFF401IWZ
luciferase_07	chr9:124659009-124661009	rs6478677	chr9:124535527-124536259	3	ENCODE:ENCFF401IWZ:line_2060318	ENCFF401IWZ
luciferase_07	chr9:124659009-124661009	rs6478677	chr9:124561887-124563060	3	ENCODE:ENCFF519OAV:line_1522482	ENCFF519OAV
luciferase_07	chr9:124659009-124661009	rs6478677	chr9:124614636-124616194	6	ENCODE:ENCFF401IWZ:line_2060441	ENCFF401IWZ
luciferase_07	chr9:124659009-124661009	rs6478677	chr9:124616747-124618026	5	ENCODE:ENCFF401IWZ:line_2060447	ENCFF401IWZ
luciferase_07	chr9:124659009-124661009	rs6478677	chr9:124623958-124624906	3	ENCODE:ENCFF753NSM:line_515594	ENCFF753NSM
luciferase_07	chr9:124659009-124661009	rs6478677	chr9:124651539-124652440	6	ENCODE:ENCFF753NSM:line_515607	ENCFF753NSM
luciferase_07	chr9:124659009-124661009	rs6478677	chr9:124676738-124678405	3	ENCODE:ENCFF401IWZ:line_2060554	ENCFF401IWZ
luciferase_07	chr9:124659009-124661009	rs6478677	chr9:124704833-124705370	3	ENCODE:ENCFF324UIT:line_769484	ENCFF324UIT
luciferase_08	chr9:124695030-124697031	rs573194493	chr9:124617003-124617838	3	ENCODE:ENCFF401IWZ:line_2060471	ENCFF401IWZ
luciferase_08	chr9:124695030-124697031	rs573194493	chr9:124708856-124710119	3	ENCODE:ENCFF519OAV:line_1522714	ENCFF519OAV
luciferase_08	chr9:124695030-124697031	rs573194493	chr9:124710307-124713894	30	ENCODE:ENCFF519OAV:line_1522715	ENCFF519OAV
luciferase_08	chr9:124695030-124697031	rs6478680	chr9:124708856-124710119	3	ENCODE:ENCFF519OAV:line_1522714	ENCFF519OAV
luciferase_09	chr9:124697464-124699474	rs4838201	chr9:124532196-124533255	3	ENCODE:ENCFF401IWZ:line_2060352	ENCFF401IWZ
luciferase_09	chr9:124697464-124699474	rs4838201	chr9:124550583-124551843	3	ENCODE:ENCFF519OAV:line_1522494	ENCFF519OAV
luciferase_09	chr9:124697464-124699474	rs4838201	chr9:124551375-124552419	4	ENCODE:ENCFF401IWZ:line_2060353	ENCFF401IWZ
luciferase_09	chr9:124697464-124699474	rs4838201	chr9:124678126-124679022	3	ENCODE:ENCFF519OAV:line_1522702	ENCFF519OAV
luciferase_09	chr9:124697464-124699474	rs4838201	chr9:124708148-124708988	3	ENCODE:ENCFF519OAV:line_1522716	ENCFF519OAV
luciferase_09	chr9:124697464-124699474	rs4838201	chr9:124708336-124709468	4	ENCODE:ENCFF753NSM:line_515634	ENCFF753NSM
luciferase_09	chr9:124697464-124699474	rs4838201	chr9:124710307-124713894	30	ENCODE:ENCFF519OAV:line_1522715	ENCFF519OAV
luciferase_09	chr9:124697464-124699474	rs4838201	chr9:124713045-124714318	5	ENCODE:ENCFF401IWZ:line_2060640	ENCFF401IWZ
luciferase_09	chr9:124697464-124699474	rs4838201	chr9:124729537-124730129	3	ENCODE:ENCFF324UIT:line_769500	ENCFF324UIT
luciferase_10	chr9:124733875-124735971	rs4836988	chr9:124536849-124537659	5	ENCODE:ENCFF753NSM:line_515532	ENCFF753NSM
luciferase_10	chr9:124733875-124735971	rs4836988	chr9:124648693-124649353	4	ENCODE:ENCFF753NSM:line_515606	ENCFF753NSM
luciferase_10	chr9:124733875-124735971	rs4836988	chr9:124709892-124710689	4	ENCODE:ENCFF519OAV:line_1522724	ENCFF519OAV
luciferase_10	chr9:124733875-124735971	rs4836988	chr9:124711054-124713941	15	ENCODE:ENCFF519OAV:line_1522729	ENCFF519OAV
luciferase_10	chr9:124733875-124735971	rs4836988	chr9:124711253-124713715	19	ENCODE:ENCFF401IWZ:line_2060658	ENCFF401IWZ
luciferase_10	chr9:124733875-124735971	rs4836988	chr9:124720835-124721834	3	ENCODE:ENCFF519OAV:line_1522737	ENCFF519OAV
luciferase_10	chr9:124733875-124735971	rs4836988	chr9:124723437-124725427	5	ENCODE:ENCFF753NSM:line_515641	ENCFF753NSM
luciferase_10	chr9:124733875-124735971	rs4836988	chr9:124725477-124727160	9	ENCODE:ENCFF401IWZ:line_2060685	ENCFF401IWZ
luciferase_10	chr9:124733875-124735971	rs4836988	chr9:124726503-124727502	4	ENCODE:ENCFF753NSM:line_515643	ENCFF753NSM
luciferase_10	chr9:124733875-124735971	rs4836988	chr9:124742413-124743965	7	ENCODE:ENCFF753NSM:line_515657	ENCFF753NSM
luciferase_10	chr9:124733875-124735971	rs4836988	chr9:124750916-124752252	4	ENCODE:ENCFF519OAV:line_1522762	ENCFF519OAV
luciferase_10	chr9:124733875-124735971	rs4836988	chr9:124752375-124753652	3	ENCODE:ENCFF519OAV:line_1522764	ENCFF519OAV
luciferase_10	chr9:124733875-124735971	rs4836988	chr9:124760326-124761515	3	ENCODE:ENCFF519OAV:line_1522763	ENCFF519OAV
luciferase_10	chr9:124733875-124735971	rs4836988	chr9:124762559-124767086	20	ENCODE:ENCFF401IWZ:line_2060689	ENCFF401IWZ
luciferase_10	chr9:124733875-124735971	rs4836988	chr9:124763002-124765524	8	ENCODE:ENCFF519OAV:line_1522761	ENCFF519OAV
luciferase_10	chr9:124733875-124735971	rs4836988	chr9:124773978-124775200	5	ENCODE:ENCFF519OAV:line_1522788	ENCFF519OAV
luciferase_10	chr9:124733875-124735971	rs4836988	chr9:124779191-124780199	3	ENCODE:ENCFF519OAV:line_1522787	ENCFF519OAV
luciferase_10	chr9:124733875-124735971	rs4836988	chr9:124817234-124818224	3	ENCODE:ENCFF401IWZ:line_2060721	ENCFF401IWZ
luciferase_11	chr9:124769804-124771893	rs2184219	chr9:124593786-124596231	11	ENCODE:ENCFF753NSM:line_515586	ENCFF753NSM
luciferase_11	chr9:124769804-124771893	rs2184219	chr9:124617113-124618648	6	ENCODE:ENCFF753NSM:line_515587	ENCFF753NSM
luciferase_11	chr9:124769804-124771893	rs2184219	chr9:124725909-124727220	4	ENCODE:ENCFF753NSM:line_515652	ENCFF753NSM
luciferase_11	chr9:124769804-124771893	rs2184219	chr9:124728552-124729531	3	ENCODE:ENCFF401IWZ:line_2060719	ENCFF401IWZ
luciferase_11	chr9:124769804-124771893	rs2184219	chr9:124742263-124744213	7	ENCODE:ENCFF401IWZ:line_2060740	ENCFF401IWZ
luciferase_11	chr9:124769804-124771893	rs2184219	chr9:124748965-124749605	3	ENCODE:ENCFF753NSM:line_515671	ENCFF753NSM
luciferase_11	chr9:124769804-124771893	rs2184219	chr9:124750923-124752996	6	ENCODE:ENCFF753NSM:line_515672	ENCFF753NSM
luciferase_11	chr9:124769804-124771893	rs2184219	chr9:124752478-124755520	10	ENCODE:ENCFF519OAV:line_1522791	ENCFF519OAV
luciferase_11	chr9:124769804-124771893	rs2184219	chr9:124756887-124762404	50	ENCODE:ENCFF753NSM:line_515675	ENCFF753NSM
luciferase_11	chr9:124769804-124771893	rs2184219	chr9:124758188-124759115	3	ENCODE:ENCFF324UIT:line_769526	ENCFF324UIT
luciferase_11	chr9:124769804-124771893	rs2184219	chr9:124778536-124780637	9	ENCODE:ENCFF401IWZ:line_2060791	ENCFF401IWZ
luciferase_11	chr9:124769804-124771893	rs2184219	chr9:124778953-124779978	3	ENCODE:ENCFF753NSM:line_515690	ENCFF753NSM
luciferase_11	chr9:124769804-124771893	rs2184219	chr9:124784597-124804164	281	ENCODE:ENCFF401IWZ:line_2060789	ENCFF401IWZ
luciferase_11	chr9:124769804-124771893	rs2184219	chr9:124788051-124868440	2519	ENCODE:ENCFF519OAV:line_1522841	ENCFF519OAV
luciferase_11	chr9:124769804-124771893	rs2184219	chr9:124788743-124790121	3	ENCODE:ENCFF753NSM:line_515692	ENCFF753NSM
luciferase_11	chr9:124769804-124771893	rs2184219	chr9:124804914-124816631	174	ENCODE:ENCFF401IWZ:line_2060793	ENCFF401IWZ
luciferase_11	chr9:124769804-124771893	rs2184219	chr9:124813145-124814842	6	ENCODE:ENCFF753NSM:line_515693	ENCFF753NSM
luciferase_11	chr9:124769804-124771893	rs2184219	chr9:124818253-124819217	4	ENCODE:ENCFF753NSM:line_515694	ENCFF753NSM
luciferase_11	chr9:124769804-124771893	rs2184219	chr9:124826078-124868221	1300	ENCODE:ENCFF401IWZ:line_2060788	ENCFF401IWZ
luciferase_11	chr9:124769804-124771893	rs2184219	chr9:124839930-124840821	5	ENCODE:ENCFF324UIT:line_769544	ENCFF324UIT
luciferase_11	chr9:124769804-124771893	rs2184219	chr9:124847539-124863650	396	ENCODE:ENCFF753NSM:line_515714	ENCFF753NSM
luciferase_11	chr9:124769804-124771893	rs2184219	chr9:125272964-125273536	6	ENCODE:ENCFF324UIT:line_769578	ENCFF324UIT
luciferase_11	chr9:124769804-124771893	rs2184219	chr9:127550861-127551422	3	ENCODE:ENCFF401IWZ:line_2060987	ENCFF401IWZ
